{
  "requirements": [
    {
      "description": "A página deve possuir o título \"Paleta de Cores\".",
      "bonus": false
    },
    {
      "description": "A página deve possuir uma paleta de quatro cores distintas.",
      "bonus": false
    },
    {
      "description": "A cor preta deve ser a primeira na paleta de cores.",
      "bonus": false
    },
    {
      "description": "A página deve possuir um quadro de pixels, com 25 pixels.",
      "bonus": false
    },
    {
      "description": "Cada elemento do quadro de pixels deve possuir 40 pixels de largura e 40 pixels de altura e ser delimitado por uma borda preta de 1 pixel.",
      "bonus": false
    },
    {
      "description": "Ao carregar a página, a cor preta da paleta já deve estar selecionada para pintar os pixels.",
      "bonus": false
    },
    {
      "description": "Ao clicar em uma das cores da paleta, a cor selecionada é que vai ser usada para preencher os pixels no quadro.",
      "bonus": false
    },
    {
      "description": "Ao clicar em um pixel dentro do quadro após selecionar uma cor na paleta, o pixel deve ser preenchido com esta cor.",
      "bonus": false
    },
    {
      "description": "Crie um botão que, ao ser clicado, limpa o quadro preenchendo a cor de todos seus pixels com branco.",
      "bonus": false
    },
    {
      "description": "Faça o quadro de pixels ter seu tamanho definido pelo usuário.",
      "bonus": true
    },
    {
      "description": "Limite o tamanho do mínimo e máximo do board.",
      "bonus": true
    },
    {
      "description": "Faça com que as cores da paleta sejam geradas aleatoriamente ao carregar a página.",
      "bonus": true
    }
  ]
}
